
/*
Portal Master
By Vstar
Bugs and contact with E-mail: vstar0v0@foxmail.com
*/

DELETE FROM creature_template WHERE entry='190000';
 
INSERT INTO creature_template (entry, modelid_1, name, subname, gossip_menu_id, minlevel, maxlevel, minhealth, maxhealth, minmana, maxmana, armor, faction_A, faction_H, npcflag, speed_walk, speed_run, scale, rank, dmg_multiplier, unit_flags, type, type_flags, InhabitType, RegenHealth, flags_extra) VALUES
('190000', '21572', "传送员", "", '50000', 71, 71, 13700, 13700, 6540, 6540, 5700, 35, 35, 3, 1, 1.14286, 1.25, 1, 1, 2, 7, 138936390, 3, 1, 2);
 
DELETE FROM creature_template_addon WHERE Entry = '190000' ;
 
INSERT INTO creature_template_addon (entry, mount, bytes1, emote, moveflags, auras) VALUES
('190000', 0, 0, 0, 0, '35766 0');
 
DELETE FROM gossip_menu WHERE entry>'50000'-1 AND entry<'50000'+9;
DELETE FROM npc_text WHERE ID>'300000'-1 AND ID<'300000'+5;
 
INSERT INTO gossip_menu (entry, text_id, cond_1, cond_1_val_1) VALUES
('50000'+4, '300000'+3, 0, 0),
('50000'+3, '300000'+2, 0, 0),
('50000'+2, '300000'+2, 0, 0),
('50000'+1, '300000'+2, 0, 0),
('50000'+8, '300000'+4, 0, 0),
('50000'+7, '300000'+4, 0, 0),
('50000'+6, '300000'+4, 0, 0),
('50000'+5, '300000', 0, 0),
('50000', '300000', 6, 67),
('50000', '300000'+1, 6, 469);
 
INSERT INTO npc_text (ID, text0_0, em0_1) VALUES
('300000'+4, '$B你确定要过去吗$B', 0),
('300000'+3, '$BBe 请谨慎选择副本.$B', 0),
('300000'+2, '$BUp 去探索一下地下城吗?$B', 0),
('300000'+1, '$B 为了联盟!$B', 6),
('300000', '$B 为了部落e!$B', 6);
 
DELETE FROM gossip_menu_option WHERE menu_id>'50000'-1 AND menu_id<'50000'+9;
DELETE FROM gossip_scripts WHERE id>'50000'-1 AND id<'50000'+135;
 
INSERT INTO gossip_menu_option (menu_id, id, option_icon, option_text, option_id, npc_option_npcflag, action_menu_id, action_poi_id, action_script_id, box_coded, box_money, box_text, cond_1, cond_1_val_1, cond_1_val_2, cond_2, cond_2_val_1, cond_2_val_2, cond_3, cond_3_val_1, cond_3_val_2) VALUES
('50000', 1, 2, '暴风城', 1, 1, 0, 0, '50000', 0, 0, '准备好了吗,马上去暴风城?', 0, 0, 0, 6, 469, 0, 4, 1519, 1),
('50000', 2, 2, '奥格瑞玛', 1, 1, 0, 0, '50000'+1, 0, 0, '准备好了吗,马上去奥格瑞玛?', 0, 0, 0, 6, 67, 0, 4, 1637, 1),
('50000', 3, 2, '达纳苏斯', 1, 1, 0, 0, '50000'+8, 0, 0, '准备好了吗,马上去达纳苏斯?', 0, 0, 0, 6, 469, 0, 4, 1662, 1),
('50000', 4, 2, '铁炉堡', 1, 1, 0, 0, '50000'+9, 0, 0, '准备好了吗,马上去铁炉堡?', 0, 0, 0, 6, 469, 0, 4, 1, 1),
('50000', 5, 2, '埃索达', 1, 1, 0, 0, '50000'+10, 0, 0, '准备好了吗,马上去埃索达?', 0, 0, 0, 6, 469, 0, 4, 3580, 1),
('50000', 6, 2, '雷霆崖', 1, 1, 0, 0, '50000'+11, 0, 0, '准备好了吗,马上去雷霆崖?', 0, 0, 0, 6, 67, 0, 4, 1638, 1),
('50000', 7, 2, '幽暗城', 1, 1, 0, 0, '50000'+12, 0, 0, '准备好了吗,马上去幽暗城?', 0, 0, 0, 6, 67, 0, 4, 1497, 1),
('50000', 8, 2, '银月城', 1, 1, 0, 0, '50000'+13, 0, 0, '准备好了吗,马上去银月城?', 0, 0, 0, 6, 67, 0, 4, 3487, 1),
('50000', 9, 2, '达拉然', 1, 1, 0, 0, '50000'+5, 0, 0, '准备好了吗,马上去达拉然?', 15, 67, 1, 4, 4395, 1, 0, 0, 0),
('50000', 10, 2, '沙塔斯城', 1, 1, 0, 0, '50000'+3, 0, 0, '准备好了吗,马上去沙塔斯城?', 15, 57, 1, 4, 3703, 1, 0, 0, 0),
('50000', 11, 2, '藏宝海湾', 1, 1, 0, 0, '50000'+2, 0, 0, '准备好了吗,马上去藏宝海湾?', 15, 30, 1, 4, 35, 1, 0, 0, 0),
('50000', 12, 2, '古拉巴什竞技场', 1, 1, 0, 0, '50000'+6, 0, 0, '准备好了吗,马上去Arena?', 15, 30, 1, 4, 1741, 1, 0, 0, 0),
('50000', 13, 3, '东部王国', 1, 1, '50000'+5, 0, '50000'+4, 0, 0, NULL, 0, 0, 0, 0, 0, 0, 0, 0, 0),
('50000', 14, 3, '卡利姆多', 1, 1, '50000'+6, 0, '50000'+4, 0, 0, NULL, 0, 0, 0, 0, 0, 0, 0, 0, 0),
('50000', 15, 3, '外域', 1, 1, '50000'+7, 0, '50000'+4, 0, 0, NULL, 15, 58, 1, 0, 0, 0, 0, 0, 0),
('50000', 16, 3, '诺森德', 1, 1, '50000'+8, 0, '50000'+4, 0, 0, NULL, 15, 68, 1, 0, 0, 0, 0, 0, 0),
('50000', 17, 9, '初级副本', 1, 1, '50000'+1, 0, '50000'+4, 0, 0, NULL, 15, 15, 1, 0, 0, 0, 0, 0, 0),
('50000', 18, 9, '中级副本', 1, 1, '50000'+2, 0, '50000'+4, 0, 0, NULL, 15, 59, 1, 0, 0, 0, 0, 0, 0),
('50000', 19, 9, '高级副本', 1, 1, '50000'+3, 0, '50000'+4, 0, 0, NULL, 15, 69, 1, 0, 0, 0, 0, 0, 0),
('50000', 20, 9, '团队副本', 1, 1, '50000'+4, 0, '50000'+4, 0, 0, NULL, 15, 57, 1, 0, 0, 0, 0, 0, 0),
('50000'+1, 0, 2, '诺莫瑞根', 1, 1, 0, 0, '50000'+14, 0, 0, '准备好了吗,马上去诺莫瑞根?', 15, 25, 1, 6, 469, 0, 0, 0, 0),
('50000'+1, 1, 2, '死亡矿井', 1, 1, 0, 0, '50000'+15, 0, 0, '准备好了吗,马上去死亡矿井?', 15, 17, 1, 6, 469, 0, 0, 0, 0),
('50000'+1, 2, 2, '暴风城监狱', 1, 1, 0, 0, '50000'+16, 0, 0, '准备好了吗,马上去暴风城监狱?', 15, 22, 1, 6, 469, 0, 0, 0, 0),
('50000'+1, 3, 2, '怒焰裂谷', 1, 1, 0, 0, '50000'+17, 0, 0, '准备好了吗,马上去怒焰裂谷?', 15, 15, 1, 6, 67, 0, 0, 0, 0),
('50000'+1, 4, 2, '剃刀高地', 1, 1, 0, 0, '50000'+18, 0, 0, '准备好了吗,马上去剃刀高地?', 15, 34, 1, 6, 67, 0, 0, 0, 0),
('50000'+1, 5, 2, '剃刀沼泽', 1, 1, 0, 0, '50000'+19, 0, 0, '准备好了吗,马上去剃刀沼泽?', 15, 24, 1, 6, 67, 0, 0, 0, 0),
('50000'+1, 6, 2, '血色修道院', 1, 1, 0, 0, '50000'+20, 0, 0, '准备好了吗,马上去血色修道院?', 15, 32, 1, 6, 67, 0, 0, 0, 0),
('50000'+1, 7, 2, '影牙城堡', 1, 1, 0, 0, '50000'+21, 0, 0, '准备好了吗,马上去影牙城堡?', 15, 18, 1, 6, 67, 0, 0, 0, 0),
('50000'+1, 8, 2, '哀嚎洞穴', 1, 1, 0, 0, '50000'+22, 0, 0, '准备好了吗,马上去哀嚎洞穴?', 15, 17, 1, 6, 67, 0, 0, 0, 0),
('50000'+1, 9, 2, '黑暗深渊', 1, 1, 0, 0, '50000'+23, 0, 0, '准备好了吗,马上去黑暗深渊?', 15, 21, 1, 0, 0, 0, 0, 0, 0),
('50000'+1, 10, 2, '黑石深渊', 1, 1, 0, 0, '50000'+24, 0, 0, '准备好了吗,马上去黑石深渊?', 15, 53, 1, 0, 0, 0, 0, 0, 0),
('50000'+1, 11, 2, '黑石塔', 1, 1, 0, 0, '50000'+25, 0, 0, '准备好了吗,马上去黑石塔?', 15, 57, 1, 0, 0, 0, 0, 0, 0),
('50000'+1, 12, 2, '厄运之槌', 1, 1, 0, 0, '50000'+26, 0, 0, '准备好了吗,马上去厄运之槌?', 15, 55, 1, 0, 0, 0, 0, 0, 0),
('50000'+1, 13, 2, '玛拉顿', 1, 1, 0, 0, '50000'+27, 0, 0, '准备好了吗,马上去玛拉顿?', 15, 45, 1, 0, 0, 0, 0, 0, 0),
('50000'+1, 14, 2, '通灵学院', 1, 1, 0, 0, '50000'+28, 0, 0, '准备好了吗,马上去通灵学院?', 15, 55, 1, 0, 0, 0, 0, 0, 0),
('50000'+1, 15, 2, '斯坦索姆', 1, 1, 0, 0, '50000'+29, 0, 0, '准备好了吗,马上去斯坦索姆?', 15, 55, 1, 0, 0, 0, 0, 0, 0),
('50000'+1, 16, 2, '阿塔哈卡神庙', 1, 1, 0, 0, '50000'+30, 0, 0, '准备好了吗,马上去阿塔哈卡神庙?', 15, 47, 1, 0, 0, 0, 0, 0, 0),
('50000'+1, 17, 2, '奥达曼', 1, 1, 0, 0, '50000'+31, 0, 0, '准备好了吗,马上去奥达曼?', 15, 37, 1, 0, 0, 0, 0, 0, 0),
('50000'+1, 18, 2, '祖尔法拉克', 1, 1, 0, 0, '50000'+32, 0, 0, '准备好了吗,马上去祖尔法拉克?', 15, 35, 1, 0, 0, 0, 0, 0, 0),
('50000'+1, 19, 7, '返回', 1, 1, '50000', 0, '50000'+4, 0, 0, NULL, 0, 0, 0, 0, 0, 0, 0, 0, 0),
('50000'+2, 0, 2, '奥金顿', 1, 1, 0, 0, '50000'+33, 0, 0, '准备好了吗,马上去奥金顿?', 15, 64, 1, 0, 0, 0, 0, 0, 0),
('50000'+2, 1, 2, '时光之穴', 1, 1, 0, 0, '50000'+34, 0, 0, '准备好了吗,马上去时光之穴?', 15, 66, 1, 0, 0, 0, 0, 0, 0),
('50000'+2, 2, 2, '盘牙洞穴', 1, 1, 0, 0, '50000'+35, 0, 0, '准备好了吗,马上去盘牙洞穴?', 15, 62, 1, 0, 0, 0, 0, 0, 0),
('50000'+2, 3, 2, '地狱火堡垒', 1, 1, 0, 0, '50000'+36, 0, 0, '准备好了吗,马上去地狱火堡垒?', 15, 59, 1, 0, 0, 0, 0, 0, 0),
('50000'+2, 4, 2, '魔导师平台', 1, 1, 0, 0, '50000'+37, 0, 0, '准备好了吗,马上去魔导师平台?', 15, 70, 1, 0, 0, 0, 0, 0, 0),
('50000'+2, 5, 2, '风暴要塞', 1, 1, 0, 0, '50000'+38, 0, 0, '准备好了吗,马上去风暴要塞?', 15, 70, 1, 0, 0, 0, 0, 0, 0),
('50000'+2, 6, 7, '返回', 1, 1, '50000', 0, '50000'+4, 0, 0, NULL, 0, 0, 0, 0, 0, 0, 0, 0, 0),
('50000'+3, 0, 2, '蜘蛛王国', 1, 1, 0, 0, '50000'+39, 0, 0, '准备好了吗,马上去蜘蛛王国?', 15, 73, 1, 0, 0, 0, 0, 0, 0),
('50000'+3, 1, 2, '净化斯坦索姆', 1, 1, 0, 0, '50000'+40, 0, 0, '准备好了吗,马上去净化斯坦索姆?', 15, 79, 1, 0, 0, 0, 0, 0, 0),
('50000'+3, 2, 2, '勇士的试炼', 1, 1, 0, 0, '50000'+41, 0, 0, '准备好了吗,马上去勇士的试炼?', 15, 79, 1, 0, 0, 0, 0, 0, 0),
('50000'+3, 3, 2, '达克萨隆要塞', 1, 1, 0, 0, '50000'+42, 0, 0, '准备好了吗,马上去达克萨隆要塞?', 15, 74, 1, 0, 0, 0, 0, 0, 0),
('50000'+3, 4, 2, '古达克', 1, 1, 0, 0, '50000'+43, 0, 0, '准备好了吗,马上去古达克?', 15, 71, 1, 0, 0, 0, 0, 0, 0),
('50000'+3, 5, 2, '冰冠城塞', 1, 1, 0, 0, '50000'+44, 0, 0, '准备好了吗,马上去冰冠城塞?', 15, 79, 1, 0, 0, 0, 0, 0, 0),
('50000'+3, 6, 2, '魔枢', 1, 1, 0, 0, '50000'+45, 0, 0, '准备好了吗,马上去魔枢?', 15, 71, 1, 0, 0, 0, 0, 0, 0),
('50000'+3, 7, 2, '紫罗兰监狱', 1, 1, 0, 0, '50000'+46, 0, 0, '准备好了吗,马上去紫罗兰监狱?', 15, 75, 1, 0, 0, 0, 0, 0, 0),
('50000'+3, 8, 2, '闪电大厅', 1, 1, 0, 0, '50000'+47, 0, 0, '准备好了吗,马上去闪电大厅?', 15, 79, 1, 0, 0, 0, 0, 0, 0),
('50000'+3, 9, 2, '岩石大厅', 1, 1, 0, 0, '50000'+48, 0, 0, '准备好了吗,马上去岩石大厅?', 15, 77, 1, 0, 0, 0, 0, 0, 0),
('50000'+3, 10, 2, '乌特加德城堡', 1, 1, 0, 0, '50000'+49, 0, 0, '准备好了吗,马上去乌特加德城堡?', 15, 69, 1, 0, 0, 0, 0, 0, 0),
('50000'+3, 11, 2, '乌特加德之巅', 1, 1, 0, 0, '50000'+50, 0, 0, '准备好了吗,马上去乌特加德之巅?', 15, 75, 1, 0, 0, 0, 0, 0, 0),
('50000'+3, 12, 7, '返回', 1, 1, '50000', 0, '50000'+4, 0, 0, NULL, 0, 0, 0, 0, 0, 0, 0, 0, 0),
('50000'+4, 0, 2, '黑暗神殿', 1, 1, 0, 0, '50000'+51, 0, 0, '准备好了吗,马上去黑暗神殿?', 15, 70, 1, 0, 0, 0, 0, 0, 0),
('50000'+4, 1, 2, '黑翼之巢', 1, 1, 0, 0, '50000'+52, 0, 0, '准备好了吗,马上去黑翼之巢?', 15, 60, 1, 0, 0, 0, 0, 0, 0),
('50000'+4, 2, 2, '海加尔山', 1, 1, 0, 0, '50000'+53, 0, 0, '准备好了吗,马上去海加尔山?', 15, 70, 1, 0, 0, 0, 0, 0, 0),
('50000'+4, 3, 2, '毒蛇神殿', 1, 1, 0, 0, '50000'+54, 0, 0, '准备好了吗,马上去毒蛇神殿?', 15, 70, 1, 0, 0, 0, 0, 0, 0),
('50000'+4, 4, 2, '十字军的试炼', 1, 1, 0, 0, '50000'+55, 0, 0, '准备好了吗,马上去十字军的试炼?', 15, 80, 1, 0, 0, 0, 0, 0, 0),
('50000'+4, 5, 2, '格鲁尔的巢穴', 1, 1, 0, 0, '50000'+56, 0, 0, '准备好了吗,马上去格鲁尔的巢穴?', 15, 70, 1, 0, 0, 0, 0, 0, 0),
('50000'+4, 6, 2, '玛瑟里顿的巢穴', 1, 1, 0, 0, '50000'+57, 0, 0, '准备好了吗,马上去玛瑟里顿的巢穴?', 15, 70, 1, 0, 0, 0, 0, 0, 0),
('50000'+4, 7, 2, '冰冠城塞', 1, 1, 0, 0, '50000'+58, 0, 0, '准备好了吗,马上去冰冠城塞?', 15, 80, 1, 0, 0, 0, 0, 0, 0),
('50000'+4, 8, 2, '卡拉赞', 1, 1, 0, 0, '50000'+59, 0, 0, '准备好了吗,马上去卡拉赞?', 15, 70, 1, 0, 0, 0, 0, 0, 0),
('50000'+4, 9, 2, '熔火之心', 1, 1, 0, 0, '50000'+60, 0, 0, '准备好了吗,马上去熔火之心?', 15, 60, 1, 0, 0, 0, 0, 0, 0),
('50000'+4, 10, 2, '纳克萨玛斯', 1, 1, 0, 0, '50000'+61, 0, 0, '准备好了吗,马上去纳克萨玛斯?', 15, 80, 1, 0, 0, 0, 0, 0, 0),
('50000'+4, 11, 2, '奥妮克希亚的巢穴', 1, 1, 0, 0, '50000'+62, 0, 0, '准备好了吗,马上去奥妮克希亚的巢穴?', 15, 80, 1, 0, 0, 0, 0, 0, 0),
('50000'+4, 12, 2, '安其拉废墟', 1, 1, 0, 0, '50000'+63, 0, 0, '准备好了吗,马上去安其拉废墟?', 15, 60, 1, 0, 0, 0, 0, 0, 0),
('50000'+4, 13, 2, '太阳井高地', 1, 1, 0, 0, '50000'+64, 0, 0, '准备好了吗,马上去太阳井高地?', 15, 70, 1, 0, 0, 0, 0, 0, 0),
('50000'+4, 14, 2, '风暴之眼', 1, 1, 0, 0, '50000'+65, 0, 0, '准备好了吗,马上去风暴之眼?', 15, 67, 1, 0, 0, 0, 0, 0, 0),
('50000'+4, 15, 2, '安其拉神殿', 1, 1, 0, 0, '50000'+66, 0, 0, '准备好了吗,马上去安其拉神殿?', 15, 60, 1, 0, 0, 0, 0, 0, 0),
('50000'+4, 16, 2, '永恒之眼', 1, 1, 0, 0, '50000'+67, 0, 0, '准备好了吗,马上去永恒之眼?', 15, 80, 1, 0, 0, 0, 0, 0, 0),
('50000'+4, 17, 2, '黑耀石神殿', 1, 1, 0, 0, '50000'+68, 0, 0, '准备好了吗,马上去Obsidian sanctum?', 15, 80, 1, 0, 0, 0, 0, 0, 0),
('50000'+4, 18, 2, '奥杜尔', 1, 1, 0, 0, '50000'+69, 0, 0, '准备好了吗,马上去奥杜尔?', 15, 80, 1, 0, 0, 0, 0, 0, 0),
('50000'+4, 19, 2, '阿尔卡冯的宝库', 1, 1, 0, 0, '50000'+70, 0, 0, '准备好了吗,马上去阿尔卡冯的宝库?', 15, 80, 1, 0, 0, 0, 0, 0, 0),
('50000'+4, 21, 2, '祖尔格拉布', 1, 1, 0, 0, '50000'+72, 0, 0, '准备好了吗,马上去祖尔格拉布?', 15, 57, 1, 0, 0, 0, 0, 0, 0),
('50000'+4, 22, 2, '祖阿曼', 1, 1, 0, 0, '50000'+73, 0, 0, '准备好了吗,马上去祖阿曼?', 15, 70, 1, 6, 67, 0, 0, 0, 0),
('50000'+4, 23, 7, '返回', 1, 1, '50000', 0, '50000'+4, 0, 0, NULL, 0, 0, 0, 0, 0, 0, 0, 0, 0),
('50000'+5, 0, 2, '艾尔文森林', 1, 1, 0, 0, '50000'+74, 0, 0, '准备好了吗,马上去艾尔文森林?', 0, 0, 0, 6, 469, 0, 0, 0, 0),
('50000'+5, 1, 2, '永歌森林', 1, 1, 0, 0, '50000'+75, 0, 0, '准备好了吗,马上去永歌森林?', 0, 0, 0, 6, 67, 0, 0, 0, 0),
('50000'+5, 2, 2, '丹莫罗', 1, 1, 0, 0, '50000'+76, 0, 0, '准备好了吗,马上去丹莫罗?', 0, 0, 0, 6, 469, 0, 0, 0, 0),
('50000'+5, 3, 2, '特瑞斯法林地', 1, 1, 0, 0, '50000'+77, 0, 0, '准备好了吗,马上去特瑞斯法林地?', 0, 0, 0, 6, 67, 0, 0, 0, 0),
('50000'+5, 4, 2, '幽魂之地', 1, 1, 0, 0, '50000'+78, 0, 0, '准备好了吗,马上去幽魂之地?', 15, 10, 1, 6, 67, 0, 0, 0, 0),
('50000'+5, 5, 2, '洛克莫丹', 1, 1, 0, 0, '50000'+79, 0, 0, '准备好了吗,马上去洛克莫丹?', 15, 10, 1, 6, 469, 0, 0, 0, 0),
('50000'+5, 6, 2, '银松森林', 1, 1, 0, 0, '50000'+80, 0, 0, '准备好了吗,马上去银松森林?', 15, 10, 1, 6, 67, 0, 0, 0, 0),
('50000'+5, 7, 2, '西部荒野', 1, 1, 0, 0, '50000'+81, 0, 0, '准备好了吗,马上去西部荒野?', 15, 10, 1, 6, 469, 0, 0, 0, 0),
('50000'+5, 8, 2, '赤脊山', 1, 1, 0, 0, '50000'+82, 0, 0, '准备好了吗,马上去赤脊山?', 15, 15, 1, 6, 469, 0, 0, 0, 0),
('50000'+5, 9, 2, '暮色森林', 1, 1, 0, 0, '50000'+83, 0, 0, '准备好了吗,马上去暮色森林?', 15, 18, 1, 6, 469, 0, 0, 0, 0),
('50000'+5, 10, 2, '希尔斯布莱德丘陵', 1, 1, 0, 0, '50000'+84, 0, 0, '准备好了吗,马上去希尔斯布莱德丘陵?', 15, 20, 1, 0, 0, 0, 0, 0, 0),
('50000'+5, 11, 2, '湿地', 1, 1, 0, 0, '50000'+85, 0, 0, '准备好了吗,马上去湿地?', 15, 20, 1, 6, 469, 0, 0, 0, 0),
('50000'+5, 12, 2, '奥特兰克山脉', 1, 1, 0, 0, '50000'+86, 0, 0, '准备好了吗,马上去奥特兰克山脉?', 15, 30, 1, 0, 0, 0, 0, 0, 0),
('50000'+5, 13, 2, '阿拉希高地', 1, 1, 0, 0, '50000'+87, 0, 0, '准备好了吗,马上去阿拉希高地?', 15, 30, 1, 0, 0, 0, 0, 0, 0),
('50000'+5, 14, 2, '荆棘谷', 1, 1, 0, 0, '50000'+88, 0, 0, '准备好了吗,马上去荆棘谷?', 15, 30, 1, 0, 0, 0, 0, 0, 0),
('50000'+5, 15, 2, '荒芜之地', 1, 1, 0, 0, '50000'+89, 0, 0, '准备好了吗,马上去荒芜之地?', 15, 35, 1, 0, 0, 0, 0, 0, 0),
('50000'+5, 16, 2, '悲伤沼泽', 1, 1, 0, 0, '50000'+90, 0, 0, '准备好了吗,马上去悲伤沼泽?', 15, 35, 1, 0, 0, 0, 0, 0, 0),
('50000'+5, 17, 2, '辛特兰', 1, 1, 0, 0, '50000'+91, 0, 0, '准备好了吗,马上去辛特兰?', 15, 40, 1, 0, 0, 0, 0, 0, 0),
('50000'+5, 18, 2, '灼热峡谷', 1, 1, 0, 0, '50000'+92, 0, 0, '准备好了吗,马上去灼热峡谷?', 15, 43, 1, 0, 0, 0, 0, 0, 0),
('50000'+5, 19, 2, '诅咒之地', 1, 1, 0, 0, '50000'+93, 0, 0, '准备好了吗,马上去诅咒之地?', 15, 45, 1, 0, 0, 0, 0, 0, 0),
('50000'+5, 20, 2, '燃烧平原', 1, 1, 0, 0, '50000'+94, 0, 0, '准备好了吗,马上去燃烧平原?', 15, 50, 1, 0, 0, 0, 0, 0, 0),
('50000'+5, 21, 2, '西瘟疫之地', 1, 1, 0, 0, '50000'+95, 0, 0, '准备好了吗,马上去西瘟疫之地?', 15, 51, 1, 0, 0, 0, 0, 0, 0),
('50000'+5, 22, 2, '东瘟疫之地', 1, 1, 0, 0, '50000'+96, 0, 0, '准备好了吗,马上去东瘟疫之地?', 15, 53, 1, 0, 0, 0, 0, 0, 0),
('50000'+5, 23, 2, '奎尔丹纳斯岛', 1, 1, 0, 0, '50000'+97, 0, 0, '准备好了吗,马上去奎尔丹纳斯岛?', 15, 70, 1, 0, 0, 0, 0, 0, 0),
('50000'+5, 24, 7, '返回', 1, 1, '50000', 0, '50000'+4, 0, 0, NULL, 0, 0, 0, 0, 0, 0, 0, 0, 0),
('50000'+6, 0, 2, '秘蓝岛', 1, 1, 0, 0, '50000'+98, 0, 0, '准备好了吗,马上去秘蓝岛?', 0, 0, 0, 6, 469, 0, 0, 0, 0),
('50000'+6, 1, 2, '泰达希尔', 1, 1, 0, 0, '50000'+99, 0, 0, '准备好了吗,马上去泰达希尔?', 0, 0, 0, 6, 469, 0, 0, 0, 0),
('50000'+6, 2, 2, '杜隆塔尔', 1, 1, 0, 0, '50000'+100, 0, 0, '准备好了吗,马上去杜隆塔尔?', 0, 0, 0, 6, 67, 0, 0, 0, 0),
('50000'+6, 3, 2, '莫高雷', 1, 1, 0, 0, '50000'+101, 0, 0, '准备好了吗,马上去莫高雷?', 0, 0, 0, 6, 67, 0, 0, 0, 0),
('50000'+6, 4, 2, '血雾岛', 1, 1, 0, 0, '50000'+102, 0, 0, '准备好了吗,马上去血雾岛?', 15, 15, 1, 6, 469, 0, 0, 0, 0),
('50000'+6, 5, 2, '黑海岸', 1, 1, 0, 0, '50000'+103, 0, 0, '准备好了吗,马上去黑海岸?', 15, 10, 1, 6, 469, 0, 0, 0, 0),
('50000'+6, 6, 2, '贫瘠之地', 1, 1, 0, 0, '50000'+104, 0, 0, '准备好了吗,马上去贫瘠之地?', 15, 10, 1, 6, 67, 0, 0, 0, 0),
('50000'+6, 7, 2, '石爪山脉', 1, 1, 0, 0, '50000'+105, 0, 0, '准备好了吗,马上去石爪山脉?', 15, 15, 1, 0, 0, 0, 0, 0, 0),
('50000'+6, 8, 2, '灰谷森林', 1, 1, 0, 0, '50000'+106, 0, 0, '准备好了吗,马上去灰谷森林?', 15, 18, 1, 0, 0, 0, 0, 0, 0),
('50000'+6, 9, 2, '千针石林', 1, 1, 0, 0, '50000'+107, 0, 0, '准备好了吗,马上去千针石林?', 15, 25, 1, 6, 67, 0, 0, 0, 0),
('50000'+6, 10, 2, '凄凉之地', 1, 1, 0, 0, '50000'+108, 0, 0, '准备好了吗,马上去凄凉之地?', 15, 30, 1, 0, 0, 0, 0, 0, 0),
('50000'+6, 11, 2, '尘泥沼泽', 1, 1, 0, 0, '50000'+109, 0, 0, '准备好了吗,马上去尘泥沼泽?', 15, 35, 1, 0, 0, 0, 0, 0, 0),
('50000'+6, 12, 2, '菲拉斯', 1, 1, 0, 0, '50000'+110, 0, 0, '准备好了吗,马上去菲拉斯?', 15, 40, 1, 0, 0, 0, 0, 0, 0),
('50000'+6, 13, 2, '塔纳利斯沙漠', 1, 1, 0, 0, '50000'+111, 0, 0, '准备好了吗,马上去塔纳利斯沙漠?', 15, 40, 1, 0, 0, 0, 0, 0, 0),
('50000'+6, 14, 2, '艾萨拉', 1, 1, 0, 0, '50000'+112, 0, 0, '准备好了吗,马上去艾萨拉?', 15, 45, 1, 0, 0, 0, 0, 0, 0),
('50000'+6, 15, 2, '费伍德森林', 1, 1, 0, 0, '50000'+113, 0, 0, '准备好了吗,马上去费伍德森林?', 15, 48, 1, 0, 0, 0, 0, 0, 0),
('50000'+6, 16, 2, '安戈洛环形山', 1, 1, 0, 0, '50000'+114, 0, 0, '准备好了吗,马上去安戈洛环形山?', 15, 48, 1, 0, 0, 0, 0, 0, 0),
('50000'+6, 17, 2, '希利苏斯', 1, 1, 0, 0, '50000'+115, 0, 0, '准备好了吗,马上去希利苏斯?', 15, 55, 1, 0, 0, 0, 0, 0, 0),
('50000'+6, 18, 2, '冬泉谷', 1, 1, 0, 0, '50000'+116, 0, 0, '准备好了吗,马上去冬泉谷?', 15, 55, 1, 0, 0, 0, 0, 0, 0),
('50000'+6, 19, 7, '返回', 1, 1, '50000', 0, '50000'+4, 0, 0, NULL, 0, 0, 0, 0, 0, 0, 0, 0, 0),
('50000'+7, 0, 2, '地狱火半岛', 1, 1, 0, 0, '50000'+117, 0, 0, '准备好了吗,马上去地狱火半岛?', 15, 58, 1, 0, 0, 0, 0, 0, 0),
('50000'+7, 1, 2, '赞加沼泽', 1, 1, 0, 0, '50000'+118, 0, 0, '准备好了吗,马上去赞加沼泽?', 15, 60, 1, 0, 0, 0, 0, 0, 0),
('50000'+7, 2, 2, '泰罗卡森林', 1, 1, 0, 0, '50000'+119, 0, 0, '准备好了吗,马上去泰罗卡森林?', 15, 62, 1, 0, 0, 0, 0, 0, 0),
('50000'+7, 3, 2, '纳格兰', 1, 1, 0, 0, '50000'+120, 0, 0, '准备好了吗,马上去纳格兰?', 15, 64, 1, 0, 0, 0, 0, 0, 0),
('50000'+7, 4, 2, '刀锋山', 1, 1, 0, 0, '50000'+121, 0, 0, '准备好了吗,马上去刀锋山?', 15, 65, 1, 0, 0, 0, 0, 0, 0),
('50000'+7, 5, 2, '虚空风暴', 1, 1, 0, 0, '50000'+122, 0, 0, '准备好了吗,马上去虚空风暴?', 15, 67, 1, 0, 0, 0, 0, 0, 0),
('50000'+7, 6, 2, '影月谷', 1, 1, 0, 0, '50000'+123, 0, 0, '准备好了吗,马上去影月谷?', 15, 67, 1, 0, 0, 0, 0, 0, 0),
('50000'+7, 7, 7, '返回', 1, 1, '50000', 0, '50000'+4, 0, 0, NULL, 0, 0, 0, 0, 0, 0, 0, 0, 0),
('50000'+8, 0, 2, '北风苔原', 1, 1, 0, 0, '50000'+124, 0, 0, '准备好了吗,马上去北风苔原?', 15, 68, 1, 0, 0, 0, 0, 0, 0),
('50000'+8, 1, 2, '嚎风峡湾', 1, 1, 0, 0, '50000'+125, 0, 0, '准备好了吗,马上去嚎风峡湾?', 15, 68, 1, 0, 0, 0, 0, 0, 0),
('50000'+8, 2, 2, '龙骨荒野', 1, 1, 0, 0, '50000'+126, 0, 0, '准备好了吗,马上去龙骨荒野?', 15, 71, 1, 0, 0, 0, 0, 0, 0),
('50000'+8, 3, 2, '灰熊丘陵', 1, 1, 0, 0, '50000'+127, 0, 0, '准备好了吗,马上去灰熊丘陵?', 15, 73, 1, 0, 0, 0, 0, 0, 0),
('50000'+8, 4, 2, '祖尔德拉克', 1, 1, 0, 0, '50000'+128, 0, 0, '准备好了吗,马上去祖尔德拉克?', 15, 74, 1, 0, 0, 0, 0, 0, 0),
('50000'+8, 5, 2, '肖拉查盆地', 1, 1, 0, 0, '50000'+129, 0, 0, '准备好了吗,马上去肖拉查盆地?', 15, 76, 1, 0, 0, 0, 0, 0, 0),
('50000'+8, 6, 2, '晶歌森林', 1, 1, 0, 0, '50000'+130, 0, 0, '准备好了吗,马上去晶歌森林?', 15, 77, 1, 0, 0, 0, 0, 0, 0),
('50000'+8, 7, 2, '风暴之巅', 1, 1, 0, 0, '50000'+132, 0, 0, '准备好了吗,马上去风暴之巅?', 15, 77, 1, 0, 0, 0, 0, 0, 0),
('50000'+8, 8, 2, '冰冠城塞', 1, 1, 0, 0, '50000'+133, 0, 0, '准备好了吗,马上去冰冠城塞?', 15, 77, 1, 0, 0, 0, 0, 0, 0),
('50000'+8, 9, 2, '冬拥湖', 1, 1, 0, 0, '50000'+134, 0, 0, '准备好了吗,马上去冬拥湖?', 15, 77, 1, 0, 0, 0, 0, 0, 0),
('50000'+8, 10, 7, '返回', 1, 1, '50000', 0, '50000'+4, 0, 0, NULL, 0, 0, 0, 0, 0, 0, 0, 0, 0);
 
INSERT INTO gossip_scripts (id, delay, command, datalong, datalong2, datalong3, datalong4, data_flags, dataint, x, y, z, o, comments) VALUES
('50000', 0, 6, 0, 0, 0, 0, 0, 0, -8842.09, 626.358, 94.0867, 3.61363, ''),
('50000'+1, 0, 6, 1, 0, 0, 0, 0, 0, 1601.08, -4378.69, 9.9846, 2.14362, ''),
('50000'+2, 0, 6, 0, 0, 0, 0, 0, 0, -14281.9, 552.564, 8.90422, 0.860144, ''),
('50000'+3, 0, 6, 530, 0, 0, 0, 0, 0, -1887.62, 5359.09, -12.4279, 4.40435, ''),
('50000'+4, 0, 16, 13832, 3, 0, 0, 0, 0, 0, 0, 0, 0, ''),
('50000'+5, 0, 6, 571, 0, 0, 0, 0, 0, 5809.55, 503.975, 657.526, 2.38338, ''),
('50000'+6, 0, 6, 0, 0, 0, 0, 0, 0, -13181.8, 339.356, 42.9805, 1.18013, ''),
('50000'+8, 0, 6, 1, 0, 0, 0, 0, 0, 9869.91, 2493.58, 1315.88, 2.78897, ''),
('50000'+9, 0, 6, 0, 0, 0, 0, 0, 0, -4900.47, -962.585, 501.455, 5.40538, ''),
('50000'+10, 0, 6, 530, 0, 0, 0, 0, 0, -3864.92, -11643.7, -137.644, 5.50862, ''),
('50000'+11, 0, 6, 1, 0, 0, 0, 0, 0, -1274.45, 71.8601, 128.159, 2.80623, ''),
('50000'+12, 0, 6, 0, 0, 0, 0, 0, 0, 1633.75, 240.167, -43.1034, 6.26128, ''),
('50000'+13, 0, 6, 530, 0, 0, 0, 0, 0, 9738.28, -7454.19, 13.5605, 0.043914, ''),
('50000'+14, 0, 6, 0, 0, 0, 0, 0, 0, -5163.54, 925.423, 257.181, 1.57423, ''),
('50000'+15, 0, 6, 0, 0, 0, 0, 0, 0, -11209.6, 1666.54, 24.6974, 1.42053, ''),
('50000'+16, 0, 6, 0, 0, 0, 0, 0, 0, -8799.15, 832.718, 97.6348, 6.04085, ''),
('50000'+17, 0, 6, 1, 0, 0, 0, 0, 0, 1811.78, -4410.5, -18.4704, 5.20165, ''),
('50000'+18, 0, 6, 1, 0, 0, 0, 0, 0, -4657.3, -2519.35, 81.0529, 4.54808, ''),
('50000'+19, 0, 6, 1, 0, 0, 0, 0, 0, -4470.28, -1677.77, 81.3925, 1.16302, ''),
('50000'+20, 0, 6, 0, 0, 0, 0, 0, 0, 2873.15, -764.523, 160.332, 5.10447, ''),
('50000'+21, 0, 6, 0, 0, 0, 0, 0, 0, -234.675, 1561.63, 76.8921, 1.24031, ''),
('50000'+22, 0, 6, 1, 0, 0, 0, 0, 0, -731.607, -2218.39, 17.0281, 2.78486, ''),
('50000'+23, 0, 6, 1, 0, 0, 0, 0, 0, 4249.99, 740.102, -25.671, 1.34062, ''),
('50000'+24, 0, 6, 0, 0, 0, 0, 0, 0, -7179.34, -921.212, 165.821, 5.09599, ''),
('50000'+25, 0, 6, 0, 0, 0, 0, 0, 0, -7527.05, -1226.77, 285.732, 5.29626, ''),
('50000'+26, 0, 6, 1, 0, 0, 0, 0, 0, -3520.14, 1119.38, 161.025, 4.70454, ''),
('50000'+27, 0, 6, 1, 0, 0, 0, 0, 0, -1421.42, 2907.83, 137.415, 1.70718, ''),
('50000'+28, 0, 6, 0, 0, 0, 0, 0, 0, 1269.64, -2556.21, 93.6088, 0.620623, ''),
('50000'+29, 0, 6, 0, 0, 0, 0, 0, 0, 3352.92, -3379.03, 144.782, 6.25978, ''),
('50000'+30, 0, 6, 0, 0, 0, 0, 0, 0, -10177.9, -3994.9, -111.239, 6.01885, ''),
('50000'+31, 0, 6, 0, 0, 0, 0, 0, 0, -6071.37, -2955.16, 209.782, 0.015708, ''),
('50000'+32, 0, 6, 1, 0, 0, 0, 0, 0, -6801.19, -2893.02, 9.00388, 0.158639, ''),
('50000'+33, 0, 6, 530, 0, 0, 0, 0, 0, -3324.49, 4943.45, -101.239, 4.63901, ''),
('50000'+34, 0, 6, 1, 0, 0, 0, 0, 0, -8369.65, -4253.11, -204.272, -2.70526, ''),
('50000'+35, 0, 6, 530, 0, 0, 0, 0, 0, 738.865, 6865.77, -69.4659, 6.27655, ''),
('50000'+36, 0, 6, 530, 0, 0, 0, 0, 0, -347.29, 3089.82, 21.394, 5.68114, ''),
('50000'+37, 0, 6, 530, 0, 0, 0, 0, 0, 12884.6, -7317.69, 65.5023, 4.799, ''),
('50000'+38, 0, 6, 530, 0, 0, 0, 0, 0, 3100.48, 1536.49, 190.3, 4.62226, ''),
('50000'+39, 0, 6, 571, 0, 0, 0, 0, 0, 3707.86, 2150.23, 36.76, 3.22, ''),
('50000'+40, 0, 6, 1, 0, 0, 0, 0, 0, -8756.39, -4440.68, -199.489, 4.66289, ''),
('50000'+41, 0, 6, 571, 0, 0, 0, 0, 0, 8590.95, 791.792, 558.235, 3.13127, ''),
('50000'+42, 0, 6, 571, 0, 0, 0, 0, 0, 4765.59, -2038.24, 229.363, 0.887627, ''),
('50000'+43, 0, 6, 571, 0, 0, 0, 0, 0, 6722.44, -4640.67, 450.632, 3.91123, ''),
('50000'+44, 0, 6, 571, 0, 0, 0, 0, 0, 5643.16, 2028.81, 798.274, 4.60242, ''),
('50000'+45, 0, 6, 571, 0, 0, 0, 0, 0, 3782.89, 6965.23, 105.088, 6.14194, ''),
('50000'+46, 0, 6, 571, 0, 0, 0, 0, 0, 5693.08, 502.588, 652.672, 4.0229, ''),
('50000'+47, 0, 6, 571, 0, 0, 0, 0, 0, 9136.52, -1311.81, 1066.29, 5.19113, ''),
('50000'+48, 0, 6, 571, 0, 0, 0, 0, 0, 8922.12, -1009.16, 1039.56, 1.57044, ''),
('50000'+49, 0, 6, 571, 0, 0, 0, 0, 0, 1203.41, -4868.59, 41.2486, 0.283237, ''),
('50000'+50, 0, 6, 571, 0, 0, 0, 0, 0, 1267.24, -4857.3, 215.764, 3.22768, ''),
('50000'+51, 0, 6, 530, 0, 0, 0, 0, 0, -3649.92, 317.469, 35.2827, 2.94285, ''),
('50000'+52, 0, 6, 229, 0, 0, 0, 0, 0, 152.451, -474.881, 116.84, 0.001073, ''),
('50000'+53, 0, 6, 1, 0, 0, 0, 0, 0, -8177.89, -4181.23, -167.552, 0.913338, ''),
('50000'+54, 0, 6, 530, 0, 0, 0, 0, 0, 797.855, 6865.77, -65.4165, 0.005938, ''),
('50000'+55, 0, 6, 571, 0, 0, 0, 0, 0, 8515.61, 714.153, 558.248, 1.57753, ''),
('50000'+56, 0, 6, 530, 0, 0, 0, 0, 0, 3530.06, 5104.08, 3.50861, 5.51117, ''),
('50000'+57, 0, 6, 530, 0, 0, 0, 0, 0, -336.411, 3130.46, -102.928, 5.20322, ''),
('50000'+58, 0, 6, 571, 0, 0, 0, 0, 0, 5855.22, 2102.03, 635.991, 3.57899, ''),
('50000'+59, 0, 6, 0, 0, 0, 0, 0, 0, -11118.9, -2010.33, 47.0819, 0.649895, ''),
('50000'+60, 0, 6, 230, 0, 0, 0, 0, 0, 1126.64, -459.94, -102.535, 3.46095, ''),
('50000'+61, 0, 6, 571, 0, 0, 0, 0, 0, 3668.72, -1262.46, 243.622, 4.785, ''),
('50000'+62, 0, 6, 1, 0, 0, 0, 0, 0, -4708.27, -3727.64, 54.5589, 3.72786, ''),
('50000'+63, 0, 6, 1, 0, 0, 0, 0, 0, -8409.82, 1499.06, 27.7179, 2.51868, ''),
('50000'+64, 0, 6, 530, 0, 0, 0, 0, 0, 12574.1, -6774.81, 15.0904, 3.13788, ''),
('50000'+65, 0, 6, 530, 0, 0, 0, 0, 0, 3088.49, 1381.57, 184.863, 4.61973, ''),
('50000'+66, 0, 6, 1, 0, 0, 0, 0, 0, -8240.09, 1991.32, 129.072, 0.941603, ''),
('50000'+67, 0, 6, 571, 0, 0, 0, 0, 0, 3784.17, 7028.84, 161.258, 5.79993, ''),
('50000'+68, 0, 6, 571, 0, 0, 0, 0, 0, 3472.43, 264.923, -120.146, 3.27923, ''),
('50000'+69, 0, 6, 571, 0, 0, 0, 0, 0, 9222.88, -1113.59, 1216.12, 6.27549, ''),
('50000'+70, 0, 6, 571, 0, 0, 0, 0, 0, 5453.72, 2840.79, 421.28, 0, ''),
('50000'+72, 0, 6, 0, 0, 0, 0, 0, 0, -11916.7, -1215.72, 92.289, 4.72454, ''),
('50000'+73, 0, 6, 530, 0, 0, 0, 0, 0, 6851.78, -7972.57, 179.242, 4.64691, ''),
('50000'+74, 0, 6, 0, 0, 0, 0, 0, 0, -9449.06, 64.8392, 56.3581, 3.07047, ''),
('50000'+75, 0, 6, 530, 0, 0, 0, 0, 0, 9024.37, -6682.55, 16.8973, 3.14131, ''),
('50000'+76, 0, 6, 0, 0, 0, 0, 0, 0, -5603.76, -482.704, 396.98, 5.23499, ''),
('50000'+77, 0, 6, 0, 0, 0, 0, 0, 0, 2274.95, 323.918, 34.1137, 4.24367, ''),
('50000'+78, 0, 6, 530, 0, 0, 0, 0, 0, 7595.73, -6819.6, 84.3718, 2.56561, ''),
('50000'+79, 0, 6, 0, 0, 0, 0, 0, 0, -5405.85, -2894.15, 341.972, 5.48238, ''),
('50000'+80, 0, 6, 0, 0, 0, 0, 0, 0, 505.126, 1504.63, 124.808, 1.77987, ''),
('50000'+81, 0, 6, 0, 0, 0, 0, 0, 0, -10684.9, 1033.63, 32.5389, 6.07384, ''),
('50000'+82, 0, 6, 0, 0, 0, 0, 0, 0, -9447.8, -2270.85, 71.8224, 0.283853, ''),
('50000'+83, 0, 6, 0, 0, 0, 0, 0, 0, -10531.7, -1281.91, 38.8647, 1.56959, ''),
('50000'+84, 0, 6, 0, 0, 0, 0, 0, 0, -385.805, -787.954, 54.6655, 1.03926, ''),
('50000'+85, 0, 6, 0, 0, 0, 0, 0, 0, -3517.75, -913.401, 8.86625, 2.60705, ''),
('50000'+86, 0, 6, 0, 0, 0, 0, 0, 0, 275.049, -652.044, 130.296, 0.502032, ''),
('50000'+87, 0, 6, 0, 0, 0, 0, 0, 0, -1581.45, -2704.06, 35.4168, 0.490373, ''),
('50000'+88, 0, 6, 0, 0, 0, 0, 0, 0, -11921.7, -59.544, 39.7262, 3.73574, ''),
('50000'+89, 0, 6, 0, 0, 0, 0, 0, 0, -6782.56, -3128.14, 240.48, 5.65912, ''),
('50000'+90, 0, 6, 0, 0, 0, 0, 0, 0, -10368.6, -2731.3, 21.6537, 5.29238, ''),
('50000'+91, 0, 6, 0, 0, 0, 0, 0, 0, 112.406, -3929.74, 136.358, 0.981903, ''),
('50000'+92, 0, 6, 0, 0, 0, 0, 0, 0, -6686.33, -1198.55, 240.027, 0.916887, ''),
('50000'+93, 0, 6, 0, 0, 0, 0, 0, 0, -11184.7, -3019.31, 7.29238, 3.20542, ''),
('50000'+94, 0, 6, 0, 0, 0, 0, 0, 0, -7979.78, -2105.72, 127.919, 5.10148, ''),
('50000'+95, 0, 6, 0, 0, 0, 0, 0, 0, 1743.69, -1723.86, 59.6648, 5.23722, ''),
('50000'+96, 0, 6, 0, 0, 0, 0, 0, 0, 2280.64, -5275.05, 82.0166, 4.7479, ''),
('50000'+97, 0, 6, 530, 0, 0, 0, 0, 0, 12806.5, -6911.11, 41.1156, 2.22935, ''),
('50000'+98, 0, 6, 530, 0, 0, 0, 0, 0, -4192.62, -12576.7, 36.7598, 1.62813, ''),
('50000'+99, 0, 6, 1, 0, 0, 0, 0, 0, 9889.03, 915.869, 1307.43, 1.9336, ''),
('50000'+100, 0, 6, 1, 0, 0, 0, 0, 0, 228.978, -4741.87, 10.1027, 0.416883, ''),
('50000'+101, 0, 6, 1, 0, 0, 0, 0, 0, -2473.87, -501.225, -9.42465, 0.6525, ''),
('50000'+102, 0, 6, 530, 0, 0, 0, 0, 0, -2095.7, -11841.1, 51.1557, 6.19288, ''),
('50000'+103, 0, 6, 1, 0, 0, 0, 0, 0, 6463.25, 683.986, 8.92792, 4.33534, ''),
('50000'+104, 0, 6, 1, 0, 0, 0, 0, 0, -575.772, -2652.45, 95.6384, 0.006469, ''),
('50000'+105, 0, 6, 1, 0, 0, 0, 0, 0, 1574.89, 1031.57, 137.442, 3.8013, ''),
('50000'+106, 0, 6, 1, 0, 0, 0, 0, 0, 1919.77, -2169.68, 94.6729, 6.14177, ''),
('50000'+107, 0, 6, 1, 0, 0, 0, 0, 0, -5375.53, -2509.2, -40.432, 2.41885, ''),
('50000'+108, 0, 6, 1, 0, 0, 0, 0, 0, -656.056, 1510.12, 88.3746, 3.29553, ''),
('50000'+109, 0, 6, 1, 0, 0, 0, 0, 0, -3350.12, -3064.85, 33.0364, 5.12666, ''),
('50000'+110, 0, 6, 1, 0, 0, 0, 0, 0, -4808.31, 1040.51, 103.769, 2.90655, ''),
('50000'+111, 0, 6, 1, 0, 0, 0, 0, 0, -6940.91, -3725.7, 48.9381, 3.11174, ''),
('50000'+112, 0, 6, 1, 0, 0, 0, 0, 0, 3117.12, -4387.97, 91.9059, 5.49897, ''),
('50000'+113, 0, 6, 1, 0, 0, 0, 0, 0, 3898.8, -1283.33, 220.519, 6.24307, ''),
('50000'+114, 0, 6, 1, 0, 0, 0, 0, 0, -6291.55, -1158.62, -258.138, 0.457099, ''),
('50000'+115, 0, 6, 1, 0, 0, 0, 0, 0, -6815.25, 730.015, 40.9483, 2.39066, ''),
('50000'+116, 0, 6, 1, 0, 0, 0, 0, 0, 6658.57, -4553.48, 718.019, 5.18088, ''),
('50000'+117, 0, 6, 530, 0, 0, 0, 0, 0, -207.335, 2035.92, 96.464, 1.59676, ''),
('50000'+118, 0, 6, 530, 0, 0, 0, 0, 0, -220.297, 5378.58, 23.3223, 1.61718, ''),
('50000'+119, 0, 6, 530, 0, 0, 0, 0, 0, -2266.23, 4244.73, 1.47728, 3.68426, ''),
('50000'+120, 0, 6, 530, 0, 0, 0, 0, 0, -1610.85, 7733.62, -17.2773, 1.33522, ''),
('50000'+121, 0, 6, 530, 0, 0, 0, 0, 0, 2029.75, 6232.07, 133.495, 1.30395, ''),
('50000'+122, 0, 6, 530, 0, 0, 0, 0, 0, 3271.2, 3811.61, 143.153, 3.44101, ''),
('50000'+123, 0, 6, 530, 0, 0, 0, 0, 0, -3681.01, 2350.76, 76.587, 4.25995, ''),
('50000'+124, 0, 6, 571, 0, 0, 0, 0, 0, 2954.24, 5379.13, 60.4538, 2.55544, ''),
('50000'+125, 0, 6, 571, 0, 0, 0, 0, 0, 682.848, -3978.3, 230.161, 1.54207, ''),
('50000'+126, 0, 6, 571, 0, 0, 0, 0, 0, 2678.17, 891.826, 4.37494, 0.101121, ''),
('50000'+127, 0, 6, 571, 0, 0, 0, 0, 0, 4017.35, -3403.85, 290, 5.35431, ''),
('50000'+128, 0, 6, 571, 0, 0, 0, 0, 0, 5560.23, -3211.66, 371.709, 5.55055, ''),
('50000'+129, 0, 6, 571, 0, 0, 0, 0, 0, 5614.67, 5818.86, -69.722, 3.60807, ''),
('50000'+130, 0, 6, 571, 0, 0, 0, 0, 0, 5411.17, -966.37, 167.082, 1.57167, ''),
('50000'+132, 0, 6, 571, 0, 0, 0, 0, 0, 6120.46, -1013.89, 408.39, 5.12322, ''),
('50000'+133, 0, 6, 571, 0, 0, 0, 0, 0, 8323.28, 2763.5, 655.093, 2.87223, ''),
('50000'+134, 0, 6, 571, 0, 0, 0, 0, 0, 4522.23, 2828.01, 389.975, 0.215009, '');
 
delete from creature WHERE ID = '190000';
 
ALTER TABLE creature AUTO_INCREMENT=200000;
INSERT INTO creature (id, map, modelid, position_x, position_y, position_z, orientation, spawntimesecs, spawndist, curhealth, curmana) VALUES
('190000', 0, 0, -13180.5, 342.503, 43.1936, 4.32977, 25, 0, 13700, 6540), 
('190000', 530, 0, -3862.69, -11645.8, -137.629, 2.38273, 25, 0, 13700, 6540), 
('190000', 0, 0, -4898.37, -965.118, 501.447, 2.25986, 25, 0, 13700, 6540), 
('190000', 0, 0, -8845.09, 624.828, 94.2999, 0.44062, 25, 0, 13700, 6540), 
('190000', 1, 0, 1599.25, -4375.85, 10.0872, 5.23641, 25, 0, 13700, 6540), 
('190000', 1, 0, -1277.65, 72.9751, 128.742, 5.95567, 25, 0, 13700, 6540), 
('190000', 0, 0, 1637.21, 240.132, -43.1034, 3.13147, 25, 0, 13700, 6540), 
('190000', 530, 0, 9741.67, -7454.19, 13.5572, 3.14231, 25, 0, 13700, 6540), 
('190000', 571, 0, 5807.06, 506.244, 657.576, 5.54461, 25, 0, 13700, 6540), 
('190000', 1, 0, 9866.83, 2494.66, 1315.88, 5.9462, 25, 0, 13700, 6540), 
('190000', 0, 0, -14279.8, 555.014, 8.90011, 3.97606, 25, 0, 13700, 6540), 
('190000', 530, 0, -1888.65, 5355.88, -12.4279, 1.25883, 25, 0, 13700, 6540);
 
SET @RUNE := 194394;
 
delete from gameobject WHERE ID=@RUNE and guid>199999;
 
ALTER TABLE gameobject AUTO_INCREMENT=200000;
INSERT INTO gameobject (id, map, position_x, position_y, position_z, orientation, rotation2, rotation3, spawntimesecs, state) VALUES
(@RUNE, 1, 1601.08, -4378.69, 9.9846, 2.14362, 0.878068, 0.478536, 25, 1), 
(@RUNE, 0, -14281.9, 552.564, 8.90382, 0.860144, 0.416936, 0.908936, 25, 1), 
(@RUNE, 0, -8842.09, 626.358, 94.0868, 3.61363, 0.972276, -0.233836, 25, 1), 
(@RUNE, 0, -4900.47, -962.585, 501.455, 5.40538, 0.424947, -0.905218, 25, 1), 
(@RUNE, 1, 9869.91, 2493.58, 1315.88, 5.9462, 0.167696, -0.985839, 25, 1), 
(@RUNE, 530, -3864.92, -11643.7, -137.644, 2.38273, 0.928875, 0.370392, 25, 1), 
(@RUNE, 530, -1887.62, 5359.09, -12.4279, 4.40435, 0.758205, 0.652017, 25, 1), 
(@RUNE, 571, 5809.55, 503.975, 657.526, 5.54461, 0.360952, -0.932584, 25, 1), 
(@RUNE, 530, 9738.28, -7454.19, 13.5605, 3.14231, 1, -0.000358625, 25, 1), 
(@RUNE, 0, 1633.75, 240.167, -43.1034, 3.13147, 0.999987, 0.00506132, 25, 1), 
(@RUNE, 0, -13181.8, 339.356, 42.9805, 1.18013, 0.556415, 0.830904, 25, 1), 
(@RUNE, 1, -1274.45, 71.8601, 128.159, 2.80623, 0.985974, 0.166898, 25, 1);


/*
Portal Master
By Vstar
Bugs and contact with E-mail: vstar0v0@foxmail.com
*/